date,long_gross_return,short_gross_return,gross_return,transaction_cost,borrow_cost,net_return,long_exposure,short_exposure_abs,gross_exposure,net_exposure,benchmark_return,active_return_vs_equal_weight_long_only,excess_return,portfolio_nav,benchmark_nav
2025-06-03,0.0,0.0,0.0,0.004000000000000002,0.0,-0.004000000000000002,1.0,1.0,2.0,0.0,0.0070072069315681475,-0.01100720693156815,-0.01100720693156815,0.996,1.007007206931568
2025-06-04,-0.001771027034780129,0.0038668587539748916,0.0020958317191947626,0.0,0.0,0.0020958317191947626,1.0,1.0,2.0,0.0,-0.002125576175478623,0.004221407894673386,0.004221407894673386,0.998087448392318,1.0048667364039792
2025-06-05,-0.0015026225873686198,0.002859672822789321,0.0013570502354207006,0.0,0.0,0.0013570502354207006,1.0,1.0,2.0,0.0,-0.0017214928537249608,0.0030785430891456613,0.0030785430891456613,0.9994419031991293,1.003136865498314
2025-06-06,0.011308227554108579,-0.005766422664078343,0.005541804890030238,0.0,0.0,0.005541804890030238,1.0,1.0,2.0,0.0,0.00943819703591438,-0.003896392145884142,-0.003896392145884142,1.0049806152255794,1.0126046688888766
2025-06-09,0.0036313136397188614,0.00792136844998197,0.011552682089700832,0.0,0.0,0.011552682089700832,1.0,1.0,2.0,0.0,-0.0013046845751815347,0.012857366664882366,0.012857366664882366,1.0165908367795924,1.0112835391966204
2025-06-10,0.006147448065465785,0.0008706131999313364,0.007018061265397122,0.0,0.0,0.007018061265397122,1.0,1.0,2.0,0.0,0.004345245981466781,0.0026728152839303404,0.0026728152839303404,1.023725333553953,1.015677814931438
2025-06-11,-0.0009735929135732183,0.0026564715679418096,0.0016828786543685913,0.0,0.0,0.0016828786543685913,1.0,1.0,2.0,0.0,-0.0012460831176065597,0.0029289617719751512,0.0029289617719751512,1.025448139065727,1.0144121959533245
2025-06-12,0.003175726619435591,-0.005421214346512027,-0.002245487727076435,0.0,0.0,-0.002245487727076435,1.0,1.0,2.0,0.0,0.004128343134510266,-0.006373830861586702,-0.006373830861586702,1.0231455078547016,1.018600037578052
2025-06-13,-0.016475660390592298,0.008013642018656213,-0.008462018371936086,0.0,0.0,-0.008462018371936086,1.0,1.0,2.0,0.0,-0.01113908080134657,0.0026770624294104838,0.0026770624294104838,1.0144876317700713,1.0072537694552153
2025-06-16,0.032046829584473496,-0.0012116469970869011,0.030835182587386593,0.004000000000000002,0.0,0.02683518258738659,1.0,1.0,2.0,0.0,0.010241614134128876,0.016593568453257712,0.016593568453257712,1.0417115926012666,1.0175696738971223
2025-06-17,0.0,0.0,0.0,0.004000000000000002,0.0,-0.004000000000000002,1.0,1.0,2.0,0.0,-0.007889925357047687,0.0038899253570476855,0.0038899253570476855,1.0375447462308616,1.0095411251244786
2025-06-18,0.006944370550276165,0.0015143204078381036,0.008458690958114268,0.0,0.0,0.008458690958114268,1.0,1.0,2.0,0.0,0.0011833253278192768,0.007275365630294991,0.007275365630294991,1.0463210165944437,1.0107357407073136
2025-06-20,0.0024193873944351975,-0.0018171859879490748,0.0006022014064861224,0.0,0.0,0.0006022014064861224,1.0,1.0,2.0,0.0,0.001134738108427618,-0.0005325367019414955,-0.0005325367019414955,1.0469511125822728,1.0118826610698441
2025-06-23,0.0012112038194748928,-0.010720039196726852,-0.009508835377251959,0.0,0.0,-0.009508835377251959,1.0,1.0,2.0,0.0,0.008251643207767714,-0.017760478585019675,-0.017760478585019675,1.036995826804697,1.0202323557571191
2025-06-24,0.015587854133970652,-0.012670423492514524,0.0029174306414561295,0.0,0.0,0.0029174306414561295,1.0,1.0,2.0,0.0,0.010394718541356667,-0.007477287899900537,-0.007477287899900537,1.0400211902048793,1.0308373839419995
2025-06-25,-0.006247327954724376,0.006934914684613897,0.0006875867298895224,0.0,0.0,0.0006875867298895224,1.0,1.0,2.0,0.0,-0.006076652042891699,0.0067642387727812215,0.0067642387727812215,1.040736294974068,1.0245733438469793
2025-06-26,0.010735267810843063,-0.006960177660806493,0.0037750901500365687,0.0,0.0,0.0037750901500365687,1.0,1.0,2.0,0.0,0.008752999258149468,-0.0049779091081129,-0.0049779091081129,1.04466516831001,1.0335414335655915
2025-06-27,0.0034726770431308725,-0.007084376794853474,-0.0036116997517226,0.0,0.0,-0.0036116997517226,1.0,1.0,2.0,0.0,0.0054743759054966465,-0.009086075657219247,-0.009086075657219247,1.0408921513809917,1.0391994278868355
2025-06-30,0.007188649688886305,-0.006432276015871941,0.0007563736730143644,0.0,0.0,0.0007563736730143644,1.0,1.0,2.0,0.0,0.006330878030882208,-0.005574504357867844,-0.005574504357867844,1.0416794548007435,1.0457784727145496
2025-07-01,0.01065423769095965,-0.0032478876506993088,0.007406350040260341,0.004000000000000002,0.0,0.003406350040260339,1.0,1.0,2.0,0.0,0.005277899658444373,-0.0018715496181840336,-0.0018715496181840336,1.0452277796535425,1.0512979865584982
2025-07-02,0.0,0.0,0.0,0.004000000000000002,0.0,-0.004000000000000002,1.0,1.0,2.0,0.0,0.00334202017605752,-0.007342020176057522,-0.007342020176057522,1.0410468685349283,1.0548114456406252
2025-07-03,0.006170778445638571,-0.007311968907399829,-0.0011411904617612573,0.0,0.0,-0.0011411904617612573,1.0,1.0,2.0,0.0,0.007235923876393993,-0.00837711433815525,-0.00837711433815525,1.0398588357783098,1.0624439809652297
2025-07-07,-0.008562600246662755,0.0033452918121871698,-0.005217308434475585,0.0,0.0,-0.005217308434475585,1.0,1.0,2.0,0.0,-0.007073097825380271,0.0018557893909046854,0.0018557893909046854,1.0344335715037398,1.0549292107538764
2025-07-08,0.0018597186785163137,0.0032460940875627697,0.005105812766079083,0.0,0.0,0.005105812766079083,1.0,1.0,2.0,0.0,0.0005308013525148214,0.004575011413564262,0.004575011413564262,1.0397151956387842,1.055489168605752
2025-07-09,0.0044960326789233425,-0.0001364230796778877,0.004359609599245456,0.0,0.0,0.004359609599245456,1.0,1.0,2.0,0.0,0.0023406196245509526,0.002018989974694503,0.002018989974694503,1.0442479479861726,1.0579596672672915
2025-07-10,0.008193911778434173,0.000584786086717304,0.008778697865151477,0.0,0.0,0.008778697865151477,1.0,1.0,2.0,0.0,0.003866401161744434,0.004912296703407043,0.004912296703407043,1.0534150852178474,1.0620501637538926
2025-07-11,-0.004226071007408263,0.005023660220487292,0.0007975892130790286,0.0,0.0,0.0007975892130790286,1.0,1.0,2.0,0.0,-0.0052965842933903,0.006094173506469329,0.006094173506469329,1.0542552777267118,1.0564249255377611
2025-07-14,0.002519180301157078,-0.004215864292326382,-0.0016966839911693031,0.0,0.0,-0.0016966839911693031,1.0,1.0,2.0,0.0,0.0030281881198152547,-0.004724872110984558,-0.004724872110984558,1.052466539674387,1.0596239789467514
2025-07-15,-0.013739638805649605,0.009289981740008564,-0.00444965706564104,0.0,0.0,-0.00444965706564104,1.0,1.0,2.0,0.0,-0.01137990731637194,0.006930250250730901,0.006930250250730901,1.0477834244997741,1.0475655562761321
2025-07-16,0.005387109881980282,-0.0030306233733599797,0.0023564865086203035,0.004000000000000002,0.0,-0.0016435134913796983,1.0,1.0,2.0,0.0,0.0033120142153714913,-0.00495552770675119,-0.00495552770675119,1.0460613783055648,1.0510351082900522
2025-07-17,0.0,0.0,0.0,0.004000000000000002,0.0,-0.004000000000000002,1.0,1.0,2.0,0.0,0.006606030615974507,-0.01060603061597451,-0.01060603061597451,1.0418771327923426,1.0579782783938805
2025-07-18,0.0016585141210624069,-0.00011889099047016386,0.0015396231305922427,0.0,0.0,0.0015396231305922427,1.0,1.0,2.0,0.0,0.0014148290186595048,0.00012479411193273794,0.00012479411193273794,1.0434812309252248,1.0594751367632635
2025-07-21,-0.0027819495235806425,-5.813443593349896e-05,-0.0028400839595141424,0.0,0.0,-0.0028400839595141424,1.0,1.0,2.0,0.0,-0.0014348420747950467,-0.0014052418847190957,-0.0014052418847190957,1.04051765661922,1.0579549572598363
2025-07-22,0.004940875692342824,-0.00572312041126433,-0.0007822447189215057,0.0,0.0,-0.0007822447189215057,1.0,1.0,2.0,0.0,0.00592836480828963,-0.006710609527211135,-0.006710609527211135,1.039703717177385,1.0642269001972113
2025-07-23,0.012133532427421665,-0.0043195750301414405,0.007813957397280224,0.0,0.0,0.007813957397280224,1.0,1.0,2.0,0.0,0.008394182092076603,-0.0005802246947963791,-0.0005802246947963791,1.047827917729203,1.073160214584753
2025-07-24,-0.0032001400967458225,0.0011909237170995856,-0.002009216379646237,0.0,0.0,-0.002009216379646237,1.0,1.0,2.0,0.0,-0.0015160260046217292,-0.0004931903750245079,-0.0004931903750245079,1.0457226047138508,1.071533275792317
2025-07-25,0.011992934203819586,-0.006003313445708448,0.005989620758111136,0.0,0.0,0.005989620758111136,1.0,1.0,2.0,0.0,0.0065638043868698134,-0.0005741836287586777,-0.0005741836287586777,1.051986086534271,1.0785666106086398
2025-07-28,0.0024415451177744792,0.0035288971692014363,0.005970442286975918,0.0,0.0,0.005970442286975918,1.0,1.0,2.0,0.0,-0.0029179167830732577,0.008888359070049177,0.008888359070049177,1.0582669087506256,1.0754194429938824
2025-07-29,4.533896552677094e-05,-8.631172240603367e-05,-4.09727568792627e-05,0.0,0.0,-4.09727568792627e-05,1.0,1.0,2.0,0.0,-4.641243787573172e-05,5.439680996469021e-06,5.439680996469021e-06,1.05822354863786,1.075369530155794
2025-07-30,0.005802279275794191,0.004398360000623527,0.010200639276417718,0.004000000000000002,0.0,0.006200639276417716,1.0,1.0,2.0,0.0,-0.003499307090423659,0.009699946366841374,0.009699946366841374,1.0647852111367742,1.0716064819340942
2025-07-31,0.0,0.0,0.0,0.004000000000000002,0.0,-0.004000000000000002,1.0,1.0,2.0,0.0,-0.006754429262912655,0.0027544292629126535,0.0027544292629126535,1.060526070292227,1.0643683917541917
2025-08-01,-0.01908582999585266,0.009751965445808421,-0.00933386455004424,0.0,0.0,-0.00933386455004424,1.0,1.0,2.0,0.0,-0.012143756907363745,0.002809892357319505,0.002809892357319505,1.0506272636003287,1.0514429607448472
2025-08-04,0.017160407462746857,-0.010681576981752582,0.006478830480994272,0.0,0.0,0.006478830480994272,1.0,1.0,2.0,0.0,0.014072591151102506,-0.007593760670108234,-0.007593760670108234,1.057434099539906,1.0662394876501142
2025-08-05,-0.0007784432443723027,0.00349651149539286,0.0027180682510205573,0.0,0.0,0.0027180682510205573,1.0,1.0,2.0,0.0,-0.0035542688481551474,0.006272337099175705,0.006272337099175705,1.060308277593412,1.0624497858544866
2025-08-06,0.002253651775855028,-0.0032261264007888884,-0.0009724746249338606,0.0,0.0,-0.0009724746249338606,1.0,1.0,2.0,0.0,0.0010009270142018725,-0.001973401639135733,-0.001973401639135733,1.059277154698845,1.0635132205463813
2025-08-07,-0.0005514368605241569,-0.0010920400110115435,-0.0016434768715357002,0.0,0.0,-0.0016434768715357002,1.0,1.0,2.0,0.0,-0.0007916675400005808,-0.0008518093315351194,-0.0008518093315351194,1.0575362571945515,1.0626712716513131
2025-08-08,0.0029440289817849225,-0.004154353994442353,-0.0012103250126574295,0.0,0.0,-0.0012103250126574295,1.0,1.0,2.0,0.0,0.004440597535734202,-0.005650922548391632,-0.005650922548391632,1.0562562946106768,1.0673901670815036
2025-08-11,-0.004669064453228525,0.00203077421998161,-0.002638290233246914,0.0,0.0,-0.002638290233246914,1.0,1.0,2.0,0.0,-0.0028290127541141545,0.00019072252086724034,0.00019072252086724034,1.0534695839447998,1.064370506685214
2025-08-12,0.01568475653706202,-0.010579062787843839,0.005105693749218185,0.0,0.0,0.005105693749218185,1.0,1.0,2.0,0.0,0.012573077097271887,-0.007467383348053702,-0.007467383348053702,1.0588482770145382,1.0777529191258295
2025-08-13,0.005187497633027958,-0.005457225622433873,-0.0002697279894059148,0.004000000000000002,0.0,-0.004269727989405917,1.0,1.0,2.0,0.0,0.007640847258507835,-0.011910575247913752,-0.011910575247913752,1.054327282889635,1.085987864563281
2025-08-14,0.0,0.0,0.0,0.004000000000000002,0.0,-0.004000000000000002,1.0,1.0,2.0,0.0,-0.004529335703935633,0.0005293357039356308,0.0005293357039356308,1.0501099737580766,1.0810690609542737
2025-08-15,0.0013372901488972607,0.007261264978849708,0.008598555127746968,0.0,0.0,0.008598555127746968,1.0,1.0,2.0,0.0,-0.0029518736626995266,0.011550428790446494,0.011550428790446494,1.0591394022576324,1.0778778816656833
2025-08-18,0.002089070722424513,-0.0018350095589517788,0.00025406116347273457,0.0,0.0,0.00025406116347273457,1.0,1.0,2.0,0.0,0.0007961526599476525,-0.0005420914964749179,-0.0005420914964749179,1.0594084884464496,1.0787360370082701
2025-08-19,-0.001901507610643425,-0.0008763767406197021,-0.0027778843512631275,0.0,0.0,-0.0027778843512631275,1.0,1.0,2.0,0.0,0.0013979230197234415,-0.004175807370986569,-0.004175807370986569,1.0564655741847988,1.0802440269466091
2025-08-20,-0.0003406081155393609,-0.005382954015257447,-0.005723562130796807,0.0,0.0,-0.005723562130796807,1.0,1.0,2.0,0.0,0.0007347650876667174,-0.006458327218463525,-0.006458327218463525,1.0504188278319042,1.08103775254377
2025-08-21,-0.0022213818174905307,0.004159008495596955,0.0019376266781064237,0.0,0.0,0.0019376266781064237,1.0,1.0,2.0,0.0,-0.0034585689521510615,0.005396195630257485,0.005396195630257485,1.0524541473758966,1.077298908936719
2025-08-22,0.0176494473960392,-0.012981373848068113,0.004668073547971086,0.0,0.0,0.004668073547971086,1.0,1.0,2.0,0.0,0.01591903651351214,-0.011250962965541053,-0.011250962965541053,1.0573670807417146,1.0944484696040495
2025-08-25,-0.00640014984849435,0.005796047588915692,-0.0006041022595786589,0.0,0.0,-0.0006041022595786589,1.0,1.0,2.0,0.0,-0.006859115139216135,0.0062550128796374765,0.0062550128796374765,1.0567283228990345,1.0869415215370966
2025-08-26,0.018494617665206405,-0.005020218116756532,0.013474399548449874,0.0,0.0,0.013474399548449874,1.0,1.0,2.0,0.0,0.005578981859862821,0.007895417688587054,0.007895417688587054,1.0709671025359395,1.0930055485684838
2025-08-27,0.001633412272129038,-0.00327968117375655,-0.0016462689016275124,0.004000000000000002,0.0,-0.005646268901627514,1.0,1.0,2.0,0.0,0.0033882279917755815,-0.009034496893403096,-0.009034496893403096,1.0649201342902246,1.0967089005633095
2025-08-28,0.0,0.0,0.0,0.004000000000000002,0.0,-0.004000000000000002,1.0,1.0,2.0,0.0,0.002692210376204438,-0.00669221037620444,-0.00669221037620444,1.0606604537530637,1.0996614716450817
2025-08-29,0.0006217303776863181,0.0017068434916703754,0.002328573869356693,0.0,0.0,0.002328573869356693,1.0,1.0,2.0,0.0,-0.0027771723829228758,0.005105746252279568,0.005105746252279568,1.063130279969933,1.0966075221754645
2025-09-02,-0.0024686874782826876,0.005345855364023053,0.002877167885740365,0.0,0.0,0.002877167885740365,1.0,1.0,2.0,0.0,-0.005596009174429053,0.008473177060169418,0.008473177060169418,1.0661890842698207,1.0904708964206227
2025-09-03,-0.0018061035359632305,0.003355679760704873,0.001549576224741642,0.0,0.0,0.001549576224741642,1.0,1.0,2.0,0.0,-0.0021409519380187394,0.0036905281627603813,0.0036905281627603813,1.0678412255258845,1.088136250641578
2025-09-04,0.013356217639056471,-0.0065588837056840925,0.0067973339333723785,0.0,0.0,0.0067973339333723785,1.0,1.0,2.0,0.0,0.00947639480511196,-0.002679060871739582,-0.002679060871739582,1.0750996989236055,1.0984478593544118
2025-09-05,0.0029569236941709718,0.006379059500737154,0.009335983194908129,0.0,0.0,0.009335983194908129,1.0,1.0,2.0,0.0,-0.0018822249999781568,0.011218208194886285,0.011218208194886285,1.0851368116456068,1.0963803333323625
2025-09-08,0.008615269746567834,0.0021085930484688064,0.01072386279503664,0.0,0.0,0.01072386279503664,1.0,1.0,2.0,0.0,0.0022011330900564064,0.008522729704980234,0.008522729704980234,1.0967736699275377,1.0987936123633475
2025-09-09,0.001959574387363039,-0.0011026884261207905,0.0008568859612422485,0.0,0.0,0.0008568859612422485,1.0,1.0,2.0,0.0,0.0007700160653477088,8.68698958945397e-05,8.68698958945397e-05,1.0977134798879589,1.0996397010973686
2025-09-10,0.0002856126692113972,0.0018061478581139002,0.002091760527325297,0.0,0.0,0.002091760527325297,1.0,1.0,2.0,0.0,0.002397875542647539,-0.0003061150153222422,-0.0003061150153222422,1.1000096336155014,1.1022765002423542
2025-09-11,0.01613874047747754,-0.012326718416391984,0.003812022061085556,0.004000000000000002,0.0,-0.00018797793891444595,1.0,1.0,2.0,0.0,0.012826096981194851,-0.013014074920109298,-0.013014074920109298,1.0998028560717883,1.1164144055345546
2025-09-12,0.0,0.0,0.0,0.004000000000000002,0.0,-0.004000000000000002,1.0,1.0,2.0,0.0,-0.005609177016377675,0.0016091770163776734,0.0016091770163776734,1.095403644647501,1.1101522395102772
2025-09-15,0.0023351325566543695,-0.0015616859444179969,0.000773446612236373,0.0,0.0,0.000773446612236373,1.0,1.0,2.0,0.0,-0.00016862527168779007,0.0009420718839241631,0.0009420718839241631,1.0962508808854852,1.109965039787275
2025-09-16,-0.0014412702041337309,-0.000691257756202979,-0.0021325279603367094,0.0,0.0,-0.0021325279603367094,1.0,1.0,2.0,0.0,-0.0021767664520063214,4.423849166961197e-05,4.423849166961197e-05,1.0939130952304532,1.107548905125766
2025-09-17,0.001544510519121192,-0.0012837658077223724,0.0002607447113988193,0.0,0.0,0.0002607447113988193,1.0,1.0,2.0,0.0,0.002559530102970115,-0.0022987853915712956,-0.0022987853915712956,1.0941983272847646,1.110383709888947
2025-09-18,0.009589818238360437,-0.001330501982796879,0.008259316255563557,0.0,0.0,0.008259316255563557,1.0,1.0,2.0,0.0,0.007031491805770319,0.001227824449793238,0.001227824449793238,1.1032356573161182,1.1181913638462921
2025-09-19,0.0011472871653746886,-0.0020915003901661295,-0.0009442132247914408,0.0,0.0,-0.0009442132247914408,1.0,1.0,2.0,0.0,0.0010387445069945586,-0.0019829577317859995,-0.0019829577317859995,1.102193967618419,1.1193528789832563
2025-09-22,0.004845952080739013,0.0011411487338651978,0.005987100814604212,0.0,0.0,0.005987100814604212,1.0,1.0,2.0,0.0,0.0021052960976223303,0.0038818047169818814,0.0038818047169818814,1.108792914019799,1.121709448231242
2025-09-23,0.0008629550293000743,-0.002658428401410049,-0.001795473372109974,0.0,0.0,-0.001795473372109974,1.0,1.0,2.0,0.0,0.0012379041321635587,-0.003033377504273533,-0.003033377504273533,1.1068021058674922,1.1230980169922942
2025-09-24,-0.009945733329516157,0.0029000201842866048,-0.007045713145229553,0.0,0.0,-0.007045713145229553,1.0,1.0,2.0,0.0,-0.0034632247739231465,-0.003582488371306406,-0.003582488371306406,1.099003895721014,1.1192084761163026
2025-09-25,-0.009631179250428508,0.004704869476824704,-0.004926309773603806,0.004000000000000002,0.0,-0.008926309773603808,1.0,1.0,2.0,0.0,-0.005862292288821704,-0.003064017484782104,-0.003064017484782104,1.089193846505411,1.112647348897182
2025-09-26,0.0,0.0,0.0,0.004000000000000002,0.0,-0.004000000000000002,1.0,1.0,2.0,0.0,0.009718698299429377,-0.013718698299429379,-0.013718698299429379,1.0848370711193893,1.1234608327947735
2025-09-29,0.00402256534099396,-0.0007779509889414848,0.003244614352052476,0.0,0.0,0.003244614352052476,1.0,1.0,2.0,0.0,0.004028229021878442,-0.0007836146698259661,-0.0007836146698259661,1.0883569490499818,1.1279863903263811
2025-09-30,0.005054098844963046,-0.002345574377873942,0.0027085244670891034,0.0,0.0,0.0027085244670891034,1.0,1.0,2.0,0.0,0.0035688270760596465,-0.0008603026089705431,-0.0008603026089705431,1.09130479047541,1.1320119786976048
2025-10-01,0.012526093151585082,0.0010344726791626014,0.013560565830747684,0.0,0.0,0.013560565830747684,1.0,1.0,2.0,0.0,0.003361211734703956,0.01019935409604373,0.01019935409604373,1.1061035009280622,1.1358169106442286
2025-10-02,0.0032366489815624506,0.0013098601109196026,0.004546509092482054,0.0,0.0,0.004546509092482054,1.0,1.0,2.0,0.0,0.0006175989152207203,0.003928910177261334,0.003928910177261334,1.111132410552258,1.1365183899361317
2025-10-03,-0.0020524880900727525,-0.0035739569519481163,-0.005626445042020869,0.0,0.0,-0.005626445042020869,1.0,1.0,2.0,0.0,0.0022619661182344303,-0.0078884111602553,-0.0078884111602553,1.1048806851098774,1.1390891560269176
2025-10-06,0.0042026164351334815,-0.0021082876757371086,0.0020943287593963734,0.0,0.0,0.0020943287593963734,1.0,1.0,2.0,0.0,0.001681501223481705,0.00041282753591466827,0.00041282753591466827,1.1071946685044045,1.1410045358364316
2025-10-07,-0.007277886793996512,0.0018180303304456945,-0.0054598564635508166,0.0,0.0,-0.0054598564635508166,1.0,1.0,2.0,0.0,-0.0036365503198220635,-0.001823306143728753,-0.001823306143728753,1.1011495445371617,1.1368552154267173
2025-10-08,0.013264663897095607,0.0005957417269646291,0.013860405624060232,0.0,0.0,0.013860405624060232,1.0,1.0,2.0,0.0,0.004662592838453311,0.00919781278560692,0.00919781278560692,1.1164119238771961,1.1421559084125243
2025-10-09,-0.001870667854229302,0.005516159103174756,0.0036454912489454535,0.004000000000000002,0.0,-0.0003545087510545483,1.0,1.0,2.0,0.0,-0.006318493753206943,0.005963985002152394,0.005963985002152394,1.1160161460804,1.1349392034400314
2025-10-10,0.0,0.0,0.0,0.004000000000000002,0.0,-0.004000000000000002,1.0,1.0,2.0,0.0,-0.02283125619751537,0.01883125619751537,0.01883125619751537,1.1115520814960782,1.109027115717688
2025-10-13,0.0144665789126828,-0.00779187659334686,0.006674702319335938,0.0,0.0,0.006674702319335938,1.0,1.0,2.0,0.0,0.011591242521340799,-0.00491654020200486,-0.00491654020200486,1.1189713607525027,1.1218821179787148
2025-10-14,0.0002027967515686826,-0.010988500276598397,-0.010785703525029713,0.0,0.0,-0.010785703525029713,1.0,1.0,2.0,0.0,0.006045779890978021,-0.016831483416007733,-0.016831483416007733,1.106902467402427,1.1286647703276385
2025-10-15,0.010109484215110627,-0.0005450412098476412,0.009564443005262987,0.0,0.0,0.009564443005262987,1.0,1.0,2.0,0.0,0.0026388978156666326,0.006925545189596354,0.006925545189596354,1.1174893729642825,1.131643201324676
2025-10-16,-0.009002997111635457,0.007679347409571495,-0.0013236497020639596,0.0,0.0,-0.0013236497020639596,1.0,1.0,2.0,0.0,-0.010258752530133836,0.008935102828069877,0.008935102828069877,1.1160102084886987,1.1200339537698778
2025-10-17,0.002634254822064557,-0.009043170663626083,-0.006408915841561525,0.0,0.0,-0.006408915841561525,1.0,1.0,2.0,0.0,0.004676648210820886,-0.01108556405238241,-0.01108556405238241,1.108857792984171,1.1252719585558344
2025-10-20,0.011051896015130026,-0.007416395574872999,0.003635500440257027,0.0,0.0,0.003635500440257027,1.0,1.0,2.0,0.0,0.009629706770138248,-0.0059942063298812215,-0.0059942063298812215,1.1128890459787475,1.1361079975533863
2025-10-21,0.006301723288891362,-0.0020246192064182766,0.004277104082473084,0.0,0.0,0.004277104082473084,1.0,1.0,2.0,0.0,0.0039473509387308,0.00032975314374228404,0.00032975314374228404,1.1176489882606429,1.1405926145240284
2025-10-22,-0.011723240352775378,0.0033334932105884827,-0.008389747142186897,0.0,0.0,-0.008389747142186897,1.0,1.0,2.0,0.0,-0.005284105923732642,-0.003105641218454255,-0.003105641218454255,1.1082721958554151,1.1345656023330564
2025-10-23,0.01950138862195665,-0.0019580539675865013,0.01754333465437015,0.004000000000000002,0.0,0.013543334654370147,1.0,1.0,2.0,0.0,0.006976082570277826,0.006567252084092322,0.006567252084092322,1.1232818970920186,1.1424804256563288
2025-10-24,0.0,0.0,0.0,0.004000000000000002,0.0,-0.004000000000000002,1.0,1.0,2.0,0.0,0.006051982402054815,-0.010051982402054817,-0.010051982402054817,1.1187887695036505,1.149394697087093
2025-10-27,0.007417366595510683,-0.005082770470602819,0.002334596124907861,0.0,0.0,0.002334596124907861,1.0,1.0,2.0,0.0,0.006324758462661145,-0.003990162337753284,-0.003990162337753284,1.1214006894295243,1.1566643409244324
2025-10-28,-0.006859310913066252,0.006768025067750665,-9.12858453155877e-05,0.0,0.0,-9.12858453155877e-05,1.0,1.0,2.0,0.0,-0.007141020044844309,0.007049734199528722,0.007049734199528722,1.1212983214196524,1.1484045776807343
2025-10-29,0.005515066599537989,0.011170015169897261,0.01668508176943525,0.0,0.0,0.01668508176943525,1.0,1.0,2.0,0.0,-0.004087223638838632,0.02077230540827388,0.02077230540827388,1.1400072756004698,1.143710791343887
2025-10-30,-0.01795266369719378,-0.005851859020906362,-0.02380452271810014,0.0,0.0,-0.02380452271810014,1.0,1.0,2.0,0.0,-0.005029976198486125,-0.018774546519614015,-0.018774546519614015,1.112869946509639,1.1379579532854756
2025-10-31,0.005036339076116503,0.001758002507122214,0.006794341583238716,0.0,0.0,0.006794341583238716,1.0,1.0,2.0,0.0,0.0018106634111211665,0.0049836781721175494,0.0049836781721175494,1.1204311650639462,1.140018412114884
2025-11-03,0.004878629600660329,0.0048676612112426194,0.009746290811902949,0.0,0.0,0.009746290811902949,1.0,1.0,2.0,0.0,-0.001268846140092661,0.011015136951995609,0.011015136951995609,1.1313512130333787,1.1385719041530373
2025-11-04,-0.016961292679088812,0.0005644095258399422,-0.016396883153248873,0.0,0.0,-0.016396883153248873,1.0,1.0,2.0,0.0,-0.008352496581825655,-0.008044386571423218,-0.008044386571423218,1.112800579387984,1.1290619862154363
2025-11-05,0.018381673854324935,0.0002206202744701472,0.01860229412879508,0.0,0.0,0.01860229412879508,1.0,1.0,2.0,0.0,0.006411251604536378,0.012191042524258702,0.012191042524258702,1.1335012230724528,1.1363006866861811
2025-11-06,-0.013576641537123783,0.004928845517121432,-0.008647796020002353,0.004000000000000002,0.0,-0.012647796020002355,1.0,1.0,2.0,0.0,-0.004758294363680035,-0.00788950165632232,-0.00788950165632232,1.1191649308146092,1.1308938335332765
2025-11-07,0.0,0.0,0.0,0.004000000000000002,0.0,-0.004000000000000002,1.0,1.0,2.0,0.0,0.007456283204576435,-0.011456283204576437,-0.011456283204576437,1.1146882710913508,1.1393260982304096
2025-11-10,0.010173228555192225,-0.005598381260532158,0.00457484729466007,0.0,0.0,0.00457484729466007,1.0,1.0,2.0,0.0,0.007783463065529352,-0.003208615770869282,-0.003208615770869282,1.1197877997127423,1.1481940008355798
2025-11-11,-0.0023389219559702035,-0.006674252720556701,-0.009013174676526903,0.0,0.0,-0.009013174676526903,1.0,1.0,2.0,0.0,0.003988279786446156,-0.013001454462973058,-0.013001454462973058,1.1096949566732877,1.152773319760031
2025-11-12,0.005659334439702959,-0.0022699343902533122,0.003389400049449647,0.0,0.0,0.003389400049449647,1.0,1.0,2.0,0.0,0.0028731275781718026,0.0005162724712778444,0.0005162724712778444,1.1134561568143102,1.156085384576414
2025-11-13,-0.01997275940231939,0.01310896233352401,-0.006863797068795381,0.0,0.0,-0.006863797068795381,1.0,1.0,2.0,0.0,-0.014379763346280404,0.007515966277485023,0.007515966277485023,1.105813619708936,1.1394611503381116
2025-11-14,-0.002157362885062393,0.0020476301308461784,-0.00010973275421621396,0.0,0.0,-0.00010973275421621396,1.0,1.0,2.0,0.0,-0.0010880314544101483,0.0009782987001939344,0.0009782987001939344,1.1056922757347956,1.1382213807654653
2025-11-17,-0.011760434021590856,0.010726076999283787,-0.0010343570223070662,0.0,0.0,-0.0010343570223070662,1.0,1.0,2.0,0.0,-0.01159576685201994,0.010561409829712874,0.010561409829712874,1.1045485951648786,1.1250228310081247
2025-11-18,0.0012852897028767663,0.0030691035641539077,0.004354393267030673,0.0,0.0,0.004354393267030673,1.0,1.0,2.0,0.0,-0.0015865793008810463,0.0059409725679117195,0.0059409725679117195,1.1093582341307728,1.1232378930714286
2025-11-19,0.003900333577875852,0.0005741508623807886,0.00447448444025664,0.0,0.0,0.00447448444025664,1.0,1.0,2.0,0.0,0.00020764498078008138,0.004266839459476559,0.004266839459476559,1.1143220402880616,1.123471127782147
2025-11-20,-0.023391191642018146,0.010899179818090377,-0.01249201182392777,0.004000000000000002,0.0,-0.016492011823927774,1.0,1.0,2.0,0.0,-0.01530445167688575,-0.0011875601470420234,-0.0011875601470420234,1.0959446280239675,1.1062770181966288
2025-11-21,0.0,0.0,0.0,0.004000000000000002,0.0,-0.004000000000000002,1.0,1.0,2.0,0.0,0.015107018869654964,-0.019107018869654966,-0.019107018869654966,1.0915608495118716,1.1229895659855909
2025-11-24,0.0220585377452712,0.0019468676441256412,0.024005405389396838,0.0,0.0,0.024005405389396838,1.0,1.0,2.0,0.0,0.007306222811812909,0.01669918257758393,0.01669918257758393,1.1177642102115983,1.1311943779700226
2025-11-25,0.010609457808453234,-0.008850645915174874,0.0017588118932783576,0.0,0.0,0.0017588118932783576,1.0,1.0,2.0,0.0,0.012047670188613035,-0.010288858295334677,-0.010288858295334677,1.1197301471983994,1.1448226347550188
2025-11-26,0.01380609319553788,-0.005461961958088111,0.00834413123744977,0.0,0.0,0.00834413123744977,1.0,1.0,2.0,0.0,0.007565358355553799,0.0007787728818959699,0.0007787728818959699,1.1290733224971516,1.1534836282404897
2025-11-28,0.01050234022906398,-0.0075509263228915775,0.0029514139061724023,0.0,0.0,0.0029514139061724023,1.0,1.0,2.0,0.0,0.007399896749786562,-0.0044484828436141596,-0.0044484828436141596,1.132405685202258,1.1620192879920386
2025-12-01,-0.008326523106204608,0.004465812416177637,-0.0038607106900269694,0.0,0.0,-0.0038607106900269694,1.0,1.0,2.0,0.0,-0.0072093014531592,0.0033485907631322304,0.0033485907631322304,1.1280337944679502,1.1536419406505185
2025-12-02,-0.00028300832136279885,-0.0023241898839969676,-0.0026071982053597668,0.0,0.0,-0.0026071982053597668,1.0,1.0,2.0,0.0,0.00018356837897985921,-0.002790766584339626,-0.002790766584339626,1.1250927867834282,1.153853712831487
2025-12-03,0.006491887278025568,-0.00963853318805805,-0.003146645910032481,0.0,0.0,-0.003146645910032481,1.0,1.0,2.0,0.0,0.008398779687344735,-0.011545425597377215,-0.011545425597377215,1.121552518167489,1.1635446759569834
2025-12-04,0.009505683535334451,0.0031693691757383193,0.01267505271107277,0.0,0.0,0.01267505271107277,1.0,1.0,2.0,0.0,0.00254336724295392,0.010131685468118849,0.010131685468118849,1.1357682554534985,1.1665039973715259
2025-12-05,0.0035509418463139505,-0.0002997605924075964,0.0032511812539063544,0.004000000000000002,0.0,-0.0007488187460936474,1.0,1.0,2.0,0.0,0.0015072480328807607,-0.002256066778974408,-0.002256066778974408,1.1349177708925968,1.1682622082269116
2025-12-08,0.0,0.0,0.0,0.004000000000000002,0.0,-0.004000000000000002,1.0,1.0,2.0,0.0,-0.004405582926259593,0.0004055829262595914,0.0004055829262595914,1.1303780998090265,1.163115332188953
2025-12-09,0.0028279885717488002,0.0026437987502471593,0.005471787321995961,0.0,0.0,0.005471787321995961,1.0,1.0,2.0,0.0,-0.0008752127913882816,0.006347000113384242,0.006347000113384242,1.1365632883646235,1.1620973587723613
2025-12-10,0.020384948733355123,-0.007328652288201867,0.013056296445153256,0.0,0.0,0.013056296445153256,1.0,1.0,2.0,0.0,0.01210947498774979,0.0009468214574034663,0.0009468214574034663,1.1514025955861902,1.1761697476717452
2025-12-11,0.007078097170955091,-0.00941704405086697,-0.002338946879911879,0.0,0.0,-0.002338946879911879,1.0,1.0,2.0,0.0,0.007985440159622105,-0.010324387039533985,-0.010324387039533985,1.1487095260777214,1.1855619808093358
2025-12-12,-0.017652248465686023,-0.001916473788002826,-0.019568722253688848,0.0,0.0,-0.019568722253688848,1.0,1.0,2.0,0.0,-0.008608709942640427,-0.010960012311048421,-0.010960012311048421,1.1262307484117398,1.1753558215975262
2025-12-15,-0.001147656084576718,-0.0008384848533824753,-0.0019861409379591933,0.0,0.0,-0.0019861409379591933,1.0,1.0,2.0,0.0,0.0013123056826884491,-0.0032984466206476427,-0.0032984466206476427,1.1239938954167308,1.1768982477213896
2025-12-16,-0.004108138679832818,0.007612737428376258,0.0035045987485434393,0.0,0.0,0.0035045987485434393,1.0,1.0,2.0,0.0,-0.006588974680572116,0.010093573429115555,0.010093573429115555,1.1279330430159786,1.1691436949655438
2025-12-17,-0.01571987084844384,-0.0019264336633099655,-0.0176463045117538,0.0,0.0,-0.0176463045117538,1.0,1.0,2.0,0.0,-0.006276098826528331,-0.01137020568522547,-0.01137020568522547,1.1080291930700497,1.1618060335935276
2025-12-18,0.009487894945484958,0.0010512707110524168,0.010539165656537374,0.0,0.0,0.010539165656537374,1.0,1.0,2.0,0.0,0.0039263259341286395,0.006612839722408735,0.006612839722408735,1.1197068962880945,1.166367662753653
2025-12-19,0.01046433540183911,-0.0008573039023476213,0.009607031499491488,0.004000000000000002,0.0,0.0056070314994914865,1.0,1.0,2.0,0.0,0.0059001439761509405,-0.000293112476659454,-0.000293112476659454,1.1259851281257796,1.1732493998930262
2025-12-22,0.0,0.0,0.0,0.004000000000000002,0.0,-0.004000000000000002,1.0,1.0,2.0,0.0,0.008022486159020908,-0.01202248615902091,-0.01202248615902091,1.1214811876132764,1.1826617769647478
2025-12-23,-0.0024476462535778136,-0.00034426799388923127,-0.0027919142474670446,0.0,0.0,-0.0027919142474670446,1.0,1.0,2.0,0.0,4.421468468179442e-05,-0.002836128932148839,-0.002836128932148839,1.1183501083073126,1.1827140679823014
2025-12-24,0.0031512544640919307,-0.004004681081117329,-0.0008534266170253988,0.0,0.0,-0.0008534266170253988,1.0,1.0,2.0,0.0,0.00358681600968109,-0.004440242626706489,-0.004440242626706489,1.11739567855773,1.1869562457362153
2025-12-26,-0.001464239246647212,0.0005669227065503901,-0.0008973165400968221,0.0,0.0,-0.0008973165400968221,1.0,1.0,2.0,0.0,-0.00028253559953224204,-0.0006147809405645801,-0.0006147809405645801,1.1163930209335273,1.1866208883417075
2025-12-29,-0.005851244896674155,0.0015871241752061223,-0.004264120721468032,0.0,0.0,-0.004264120721468032,1.0,1.0,2.0,0.0,-0.002155229323421749,-0.002108891398046283,-0.002108891398046283,1.1116325863196623,1.1840634482073689
2025-12-30,-0.0016677019304867447,0.0021249989244084277,0.00045729699392168307,0.0,0.0,0.00045729699392168307,1.0,1.0,2.0,0.0,-0.001598215110415924,0.002055512104337607,0.002055512104337607,1.1121409325597316,1.1821710601127526
2025-12-31,-0.009615344392861803,0.007138021108258729,-0.002477323284603077,0.0,0.0,-0.002477323284603077,1.0,1.0,2.0,0.0,-0.008240382883452165,0.005763059598849088,0.005763059598849088,1.1093857999317411,1.172429517943687
2026-01-02,0.017081455955799525,-0.002376068513615035,0.01470538744218449,0.0,0.0,0.01470538744218449,1.0,1.0,2.0,0.0,0.008421225090893438,0.006284162351291053,0.006284162351291053,1.1256997479425952,1.1823028108174984
2026-01-05,0.005018109882239834,-0.008504153681398542,-0.00348604379915871,0.0,0.0,-0.00348604379915871,1.0,1.0,2.0,0.0,0.00924624073502617,-0.01273228453418488,-0.01273228453418488,1.1217755093165653,1.1932346672280152
2026-01-06,0.015137754453252175,-0.005833655481146778,0.009304098972105396,0.004000000000000002,0.0,0.005304098972105395,1.0,1.0,2.0,0.0,0.011857873981529198,-0.006553775009423803,-0.006553775009423803,1.1277255176424643,1.2073838935423968
2026-01-07,0.0,0.0,0.0,0.004000000000000002,0.0,-0.004000000000000002,1.0,1.0,2.0,0.0,-0.00998969047497031,0.0059896904749703085,0.0059896904749703085,1.1232146155718945,1.1953225021614438
2026-01-08,-0.0094099291330882,-0.008876679275267352,-0.018286608408355554,0.0,0.0,-0.018286608408355554,1.0,1.0,2.0,0.0,0.0037545754122302573,-0.02204118382058581,-0.02204118382058581,1.1026748297383897,1.1998104306377448
2026-01-09,0.01804972784363328,-0.006258048495269268,0.011791679348364009,0.0,0.0,0.011791679348364009,1.0,1.0,2.0,0.0,0.007380052479030445,0.0044116268693335636,0.0044116268693335636,1.115677217756177,1.2086650945807396
2026-01-12,0.008046921863032151,-0.0009376971516762977,0.007109224711355851,0.0,0.0,0.007109224711355851,1.0,1.0,2.0,0.0,0.0019402327250127094,0.005168991986343141,0.005168991986343141,1.1236088178025458,1.2110101861508256
2026-01-13,0.005152873378143385,0.00011055077699106291,0.00526342415513445,0.0,0.0,0.00526342415513445,1.0,1.0,2.0,0.0,0.00042809670991506715,0.004835327445219383,0.004835327445219383,1.1295228475950898,1.2115286156271903
2026-01-14,-0.0018317992070672998,-0.002171718174797186,-0.004003517381864486,0.0,0.0,-0.004003517381864486,1.0,1.0,2.0,0.0,0.0011154387880039519,-0.005118956169868438,-0.005118956169868438,1.1250007832415299,1.2128800016378376
2026-01-15,0.009180432327831067,-0.00030793729461972704,0.008872495033211341,0.0,0.0,0.008872495033211341,1.0,1.0,2.0,0.0,0.00428897050294549,0.004583524530265851,0.004583524530265851,1.1349823471031992,1.2180820081884747
2026-01-16,-0.0014001688188404503,-0.0008860750441847956,-0.0022862438630252458,0.0,0.0,-0.0022862438630252458,1.0,1.0,2.0,0.0,-0.0015858221967849347,-0.0007004216662403111,-0.0007004216662403111,1.1323875006774926,1.216150346702385
2026-01-20,-0.007256785972472386,0.009548351295792377,0.0022915653233199916,0.0,0.0,0.0022915653233199916,1.0,1.0,2.0,0.0,-0.013871655474202967,0.01616322079752296,0.01616322079752296,1.134982440606606,1.199280328088097
2026-01-21,0.01695282370043888,-0.009603691535067658,0.00734913216537122,0.004000000000000002,0.0,0.003349132165371218,1.0,1.0,2.0,0.0,0.01475039015938794,-0.011401257994016723,-0.011401257994016723,1.138783646805573,1.2169701808378752
2026-01-22,0.0,0.0,0.0,0.004000000000000002,0.0,-0.004000000000000002,1.0,1.0,2.0,0.0,0.002023481207994497,-0.006023481207994499,-0.006023481207994499,1.1342285122183506,1.2194326971294902
2026-01-23,-0.006163107564361771,0.004686641340284038,-0.0014764662240777326,0.0,0.0,-0.0014764662240777326,1.0,1.0,2.0,0.0,-0.003445269963479391,0.0019688037394016583,0.0019688037394016583,1.1325538621296742,1.2152314222855853
2026-01-26,0.0005874954356955864,-0.001599525790852381,-0.0010120303551567947,0.0,0.0,-0.0010120303551567947,1.0,1.0,2.0,0.0,0.0035934303760314723,-0.004605460731188267,-0.004605460731188267,1.131407683242349,1.2195982717923342
2026-01-27,0.009582488595837817,0.003205912118632787,0.012788400714470606,0.0,0.0,0.012788400714470606,1.0,1.0,2.0,0.0,0.0028347881336491278,0.009953612580821478,0.009953612580821478,1.1458765780670828,1.22305557450103
2026-01-28,0.005579493034665185,0.0027536470130760603,0.008333140047741244,0.0,0.0,0.008333140047741244,1.0,1.0,2.0,0.0,0.0002827703585414513,0.008050369689199793,0.008050369689199793,1.1554253280695423,1.223401418364348
2026-01-29,-0.008426588427681174,-0.004203402408135728,-0.012629990835816904,0.0,0.0,-0.012629990835816904,1.0,1.0,2.0,0.0,0.0017144744347929333,-0.014344465270609837,-0.014344465270609837,1.1408323167645533,1.225498908819623
2026-01-30,-0.011102534601999177,0.0008281156509734351,-0.010274418951025741,0.0,0.0,-0.010274418951025741,1.0,1.0,2.0,0.0,-0.004515848883391677,-0.005758570067634064,-0.005758570067634064,1.129110927589245,1.2199647409406322
2026-02-02,0.009525004295623573,-0.008587999263181476,0.000937005032442096,0.0,0.0,0.000937005032442096,1.0,1.0,2.0,0.0,0.006053358337118123,-0.005116353304676027,-0.005116353304676027,1.1301689102105816,1.2273496246761952
2026-02-03,-0.004658226596992272,-0.0009451457396640168,-0.005603372336656289,0.0,0.0,-0.005603372336656289,1.0,1.0,2.0,0.0,-0.0015132418340612819,-0.004090130502595007,-0.004090130502595007,1.1238361530033587,1.2254923478791158
2026-02-04,-0.02031444972664647,-0.005796979907139672,-0.02611142963378614,0.004000000000000002,0.0,-0.030111429633786144,1.0,1.0,2.0,0.0,0.0009183442244238312,-0.031029773858209975,-0.031029773858209975,1.0899958397622933,1.2266177716988662
2026-02-05,0.0,0.0,0.0,0.004000000000000002,0.0,-0.004000000000000002,1.0,1.0,2.0,0.0,-0.009101896897479235,0.005101896897479233,0.005101896897479233,1.0856358564032442,1.2154532232082476
2026-02-06,0.03381752445376857,-0.02109547727818305,0.012722047175585526,0.0,0.0,0.012722047175585526,1.0,1.0,2.0,0.0,0.022232924702412945,-0.00951087752682742,-0.00951087752682742,1.0994473669839135,1.2424763031991415
2026-02-09,0.008343467468017021,-0.00247146136588939,0.005872006102127631,0.0,0.0,0.005872006102127631,1.0,1.0,2.0,0.0,0.003120968542805794,0.002751037559321837,0.002751037559321837,1.1059033286318112,1.2463540326566076
2026-02-10,0.0022522086571491904,0.0009055146772265538,0.0031577233343757435,0.0,0.0,0.0031577233343757435,1.0,1.0,2.0,0.0,0.00043624250379239115,0.002721480830583352,0.002721480830583352,1.1093954653781957,1.2468977452604255
2026-02-11,0.010704898283868433,-0.0047245038518521415,0.0059803944320162925,0.0,0.0,0.0059803944320162925,1.0,1.0,2.0,0.0,0.003127572346069605,0.0028528220859466874,0.0028528220859466874,1.1160300878422476,1.2507975081668785
2026-02-12,-0.014346235205199481,0.01005366481407262,-0.004292570391126864,0.0,0.0,-0.004292570391126864,1.0,1.0,2.0,0.0,-0.012120210593643562,0.007827640202516698,0.007827640202516698,1.1112394501315692,1.2356375789578913
2026-02-13,0.015921370085490088,-0.005462074441873859,0.01045929564361623,0.0,0.0,0.01045929564361623,1.0,1.0,2.0,0.0,0.01135388838840873,-0.0008945927447924999,-0.0008945927447924999,1.1228622320713448,1.2496668701179028
2026-02-17,-0.00037225020710220444,0.0007069418823158745,0.0003346916752136693,0.0,0.0,0.0003346916752136693,1.0,1.0,2.0,0.0,-0.0011961045617158235,0.0015307962369294928,0.0015307962369294928,1.123238044712831,1.2481721378739297
2026-02-18,0.003186278249215937,-0.005882129469828629,-0.0026958512206126913,0.0,0.0,-0.0026958512206126913,1.0,1.0,2.0,0.0,0.004839707014925194,-0.0075355582355378856,-0.0075355582355378856,1.1202099620589532,1.2542129253254322
2026-02-19,0.001898407571681071,0.0028925771803301054,0.004790984752011175,0.004000000000000002,0.0,0.0007909847520111736,1.0,1.0,2.0,0.0,-0.0009216502923890509,0.0017126350444002245,0.0017126350444002245,1.1210960310579927,1.253056979616088
2026-02-20,0.0,0.0,0.0,0.004000000000000002,0.0,-0.004000000000000002,1.0,1.0,2.0,0.0,0.005166203618255647,-0.00916620361825565,-0.00916620361825565,1.1166116469337608,1.259530527118061
2026-02-23,-0.01689770785620076,0.0036806182459638006,-0.013217089610236958,0.0,0.0,-0.013217089610236958,1.0,1.0,2.0,0.0,-0.01178819835910334,-0.0014288912511336172,-0.0014288912511336172,1.1018532907364031,1.2446829314250472
2026-02-24,0.009677347295339318,-0.004664000373992337,0.005013346921346982,0.0,0.0,0.005013346921346982,1.0,1.0,2.0,0.0,0.00891194128164213,-0.003898594360295147,-0.003898594360295147,1.1073772635392924,1.2557754726241692
2026-02-25,0.016594705111641305,-0.002506747976443744,0.014087957135197561,0.0,0.0,0.014087957135197561,1.0,1.0,2.0,0.0,0.005686498878481506,0.008401458256716055,0.008401458256716055,1.1229779469605263,1.262916438440871
2026-02-26,0.009238320948240997,-2.2704675311364573e-05,0.009215616272929631,0.0,0.0,0.009215616272929631,1.0,1.0,2.0,0.0,0.004262099466208792,0.004953516806720839,0.004953516806720839,1.1333268808026769,1.2682991139190163
2026-02-27,1.7645416904628168e-05,-0.0008493283138841973,-0.0008316828969795704,0.0,0.0,-0.0008316828969795704,1.0,1.0,2.0,0.0,0.0018500733611607257,-0.002681756258140296,-0.002681756258140296,1.132384312219226,1.2706455603236617
2026-03-02,-0.000730925472733227,0.0009684270165516969,0.0002375015438184691,0.0,0.0,0.0002375015438184691,1.0,1.0,2.0,0.0,0.0012716450542067962,-0.001034143510388327,-0.001034143510388327,1.132653255241574,1.272261370466097
2026-03-03,-0.013339379354931267,0.011139552025298038,-0.0021998273296332284,0.0,0.0,-0.0021998273296332284,1.0,1.0,2.0,0.0,-0.012556540552882665,0.010356713223249436,0.010356713223249436,1.1301616136556956,1.2562861689739733
2026-03-04,0.01418635257342113,-0.0013876322820192998,0.01279872029140183,0.0,0.0,0.01279872029140183,1.0,1.0,2.0,0.0,0.00627707968096269,0.006521640610439139,0.006521640610439139,1.144626236032954,1.2641719773587141
2026-03-05,-0.005720018268442255,0.010547919001226529,0.004827900732784274,0.004000000000000002,0.0,0.000827900732784272,1.0,1.0,2.0,0.0,-0.009573624286654734,0.010401525019439006,0.010401525019439006,1.1455738729325298,1.2520692698137643
2026-03-06,0.0,0.0,0.0,0.004000000000000002,0.0,-0.004000000000000002,1.0,1.0,2.0,0.0,-0.013710832313971502,0.0097108323139715,0.0097108323139715,1.1409915774407997,1.234902358009871
2026-03-09,0.021088775124342173,-0.0011929800578838125,0.019895795066458357,0.0,0.0,0.019895795066458357,1.0,1.0,2.0,0.0,0.006084815765479082,0.013810979300979274,0.013810979300979274,1.163692512038117,1.242416511346717
2026-03-10,-0.00226689404282981,0.005769956051569491,0.0035030620087396812,0.0,0.0,0.0035030620087396812,1.0,1.0,2.0,0.0,-0.005237512013066157,0.00874057402180584,0.00874057402180584,1.1677689990668927,1.2359093399433068
2026-03-11,-0.004028701717332603,0.0015784241236321407,-0.002450277593700463,0.0,0.0,-0.002450277593700463,1.0,1.0,2.0,0.0,-0.002800427848877262,0.000350150255176799,0.000350150255176799,1.164907640853861,1.232448265009042
2026-03-12,-0.015041117487790369,0.010301079715703373,-0.004740037772086996,0.0,0.0,-0.004740037772086996,1.0,1.0,2.0,0.0,-0.015500581926267859,0.010760544154180863,0.010760544154180863,1.1593859346352209,1.2133445997073826
2026-03-13,-0.0017623874498256954,0.001550067966889721,-0.0002123194829359743,0.0,0.0,-0.0002123194829359743,1.0,1.0,2.0,0.0,0.00012642116048357818,-0.00033874064341955247,-0.00033874064341955247,1.1591397744130558,1.2134979921397442
2026-03-16,0.012879946068821086,-0.005863438488467973,0.007016507580353113,0.0,0.0,0.007016507580353113,1.0,1.0,2.0,0.0,0.009213435549913798,-0.0021969279695606848,-0.0021969279695606848,1.167272887426914,1.2246784776802735
2026-03-17,0.006063292705596392,-0.0038712795720858813,0.0021920131335105113,0.0,0.0,0.0021920131335105113,1.0,1.0,2.0,0.0,0.004650194526649509,-0.0024581813931389973,-0.0024581813931389973,1.1698315649265445,1.2303734708340877
2026-03-18,-0.007621181306826523,0.014019618684870295,0.006398437378043771,0.0,0.0,0.006398437378043771,1.0,1.0,2.0,0.0,-0.012677597845923684,0.019076035223967454,0.019076035223967454,1.1773166589375859,1.2147752907705598
2026-03-19,0.004836089613316757,0.002423801040291394,0.007259890653608149,0.004000000000000002,0.0,0.0032598906536081473,1.0,1.0,2.0,0.0,0.0009285736238966772,0.00233131702971147,0.00233131702971147,1.1811545825103935,1.2159032990645307
2026-03-20,0.0,0.0,0.0,0.004000000000000002,0.0,-0.004000000000000002,1.0,1.0,2.0,0.0,-0.014285162768948813,0.010285162768948811,0.010285162768948811,1.176429964180352,1.1985339225260918
2026-03-23,0.01599526229396609,-0.006298609589461944,0.009696652704504151,0.0,0.0,0.009696652704504151,1.0,1.0,2.0,0.0,0.011635802120841778,-0.001939149416337627,-0.001939149416337627,1.1878373969741811,1.2124798260837217
2026-03-24,-0.006378399515944638,-0.0065155661019438895,-0.012893965617888524,0.0,0.0,-0.012893965617888524,1.0,1.0,2.0,0.0,0.0016330024584879103,-0.014526968076376434,-0.014526968076376434,1.1725214624179539,1.2144598086205833
2026-03-25,0.0016595430972158177,-0.004575847923841375,-0.0029163048266255555,0.0,0.0,-0.0029163048266255555,1.0,1.0,2.0,0.0,0.0040824005202799475,-0.0069987053469055035,-0.0069987053469055035,1.1691020324177823,1.219417719975155
2026-03-26,-0.015880290713405295,0.005865629628271827,-0.010014661085133467,0.0,0.0,-0.010014661085133467,1.0,1.0,2.0,0.0,-0.011573113202732572,0.0015584521175991042,0.0015584521175991042,1.1573938717891774,1.2053052606604644
2026-03-27,-0.01410381009144213,0.009470880238931771,-0.004632929852510359,0.0,0.0,-0.004632929852510359,1.0,1.0,2.0,0.0,-0.012858490426371365,0.008225560573861007,0.008225560573861007,1.1520317471694528,1.1898068545054068
2026-03-30,-0.011837340934325162,0.0015116460385760525,-0.010325694895749105,0.0,0.0,-0.010325694895749105,1.0,1.0,2.0,0.0,-0.004391494737055546,-0.005934200158693559,-0.005934200158693559,1.1401362188379642,1.1845818239657337
2026-03-31,0.026135848939265804,-0.0160367400770537,0.010099108862212101,0.0,0.0,0.010099108862212101,1.0,1.0,2.0,0.0,0.02272972636607856,-0.012630617503866457,-0.012630617503866457,1.1516505786297595,1.2115070446827052
2026-04-01,0.006011458511548024,0.0012680893643919626,0.007279547875939988,0.0,0.0,0.007279547875939988,1.0,1.0,2.0,0.0,0.005588928459942335,0.001690619415997653,0.001690619415997653,1.1600340741532489,1.2182780708841532
2026-04-02,0.004014874291103993,-0.003429635497484691,0.0005852387936193035,0.004000000000000002,0.0,-0.0034147612063806982,1.0,1.0,2.0,0.0,0.0032127385956562406,-0.006627499802036939,-0.006627499802036939,1.1560728347987506,1.2221920798627242
2026-04-06,0.0,0.0,0.0,0.004000000000000002,0.0,-0.004000000000000002,1.0,1.0,2.0,0.0,0.0038196482088310264,-0.007819648208831027,-0.007819648208831027,1.1514485434595556,1.2268604236514193
2026-04-07,-0.001747141763926752,0.0031060335410891746,0.0013588917771624226,0.0,0.0,0.0013588917771624226,1.0,1.0,2.0,0.0,-0.0006751978562822188,0.0020340896334446416,0.0020340896334446416,1.1530132374170885,1.2260320501234123
2026-04-08,0.03871097833466045,-0.01764448254203946,0.02106649579262099,0.0,0.0,0.02106649579262099,1.0,1.0,2.0,0.0,0.02492130757684111,-0.003854811784220119,-0.003854811784220119,1.1773031859319718,1.256586371943603
2026-04-09,9.280272542839373e-05,-0.00022057884743680479,-0.00012777612200841148,0.0,0.0,-0.00012777612200841148,1.0,1.0,2.0,0.0,0.0007674397253375157,-0.0008952158473459271,-0.0008952158473459271,1.1771527546964453,1.2575507262437502
2026-04-10,-0.0007759315404035538,0.009822276750198523,0.00904634520979497,0.0,0.0,0.00904634520979497,1.0,1.0,2.0,0.0,-0.006230992909173593,0.015277338118968562,0.015277338118968562,1.1878016848800905,1.2497149365855993
2026-04-13,0.015596582074915625,-0.007285398754372665,0.00831118332054296,0.0,0.0,0.00831118332054296,1.0,1.0,2.0,0.0,0.011691202661155359,-0.003380019340612399,-0.003380019340612399,1.1976737224315788,1.2643256071778943
2026-04-14,0.009871901084098321,0.00032799298866688516,0.010199894072765206,0.0,0.0,0.010199894072765206,1.0,1.0,2.0,0.0,0.004458216341819701,0.005741677730945505,0.005741677730945505,1.2098898675341152,1.2699622442611957
2026-04-15,-0.001929373900459096,0.0006570102938477527,-0.001272363606611344,0.0,0.0,-0.001272363606611344,1.0,1.0,2.0,0.0,0.0009166053810819334,-0.0021889689876932773,-0.0021889689876932773,1.208350447698657,1.2711262984880562
2026-04-16,0.005900965793367981,-0.007841154832471211,-0.00194018903910323,0.0,0.0,-0.00194018903910323,1.0,1.0,2.0,0.0,0.0041024201455209415,-0.006042609184624171,-0.006042609184624171,1.2060060194046367,1.2763409926224751
2026-04-17,0.016814242432534487,-0.008052890658459712,0.008761351774074774,0.004000000000000002,0.0,0.004761351774074772,1.0,1.0,2.0,0.0,0.011105285082653451,-0.0063439333085786795,-0.0063439333085786795,1.2117482383046738,1.2905151232082246
2026-04-20,0.0,0.0,0.0,0.004000000000000002,0.0,-0.004000000000000002,1.0,1.0,2.0,0.0,0.0012860418529366945,-0.005286041852936696,-0.005286041852936696,1.2069012453514552,1.2921747796685183
2026-04-21,-0.01067448430322693,0.004679246616654636,-0.005995237686572293,0.0,0.0,-0.005995237686572293,1.0,1.0,2.0,0.0,-0.006385406499695422,0.0003901688131231285,0.0003901688131231285,1.1996655855213532,1.2839237184316805
2026-04-22,0.011887886873917362,0.0032983462399835094,0.01518623311390087,0.0,0.0,0.01518623311390087,1.0,1.0,2.0,0.0,0.002269283900303782,0.012916949213597088,0.012916949213597088,1.2178839867618048,1.2868373058551357
2026-04-23,0.0012783026351150055,-0.005930114748353844,-0.004651812113238839,0.0,0.0,-0.004651812113238839,1.0,1.0,2.0,0.0,0.0014184853075983846,-0.006070297420837224,-0.006070297420837224,1.2122186192796667,1.2886626656667608
2026-04-24,0.008648641841171922,0.008252477694583895,0.01690111953575582,0.0,0.0,0.01690111953575582,1.0,1.0,2.0,0.0,0.0005375170095737518,0.016363602526182068,0.016363602526182068,1.2327064710675812,1.2893553437691594
2026-04-27,-0.001913771777994451,0.0027024006170256556,0.000788628839031204,0.0,0.0,0.000788628839031204,1.0,1.0,2.0,0.0,-0.0018538757844385424,0.0026425046234697463,0.0026425046234697463,1.2336786189407256,1.2869650391198093
2026-04-28,-0.015538475467312582,-0.006486574022872534,-0.022025049490185116,0.0,0.0,-0.022025049490185116,1.0,1.0,2.0,0.0,-0.004206247455730463,-0.017818802034454653,-0.017818802034454653,1.2065067863035728,1.2815517456983976
2026-04-29,-0.006591248585617626,-0.0015644803274578799,-0.008155728913075507,0.0,0.0,-0.008155728913075507,1.0,1.0,2.0,0.0,-0.001470407951065147,-0.00668532096201036,-0.00668532096201036,1.1966668440226949,1.2796673418218212
2026-04-30,0.022908405568292455,-0.009873853223966146,0.01303455234432631,0.0,0.0,0.01303455234432631,1.0,1.0,2.0,0.0,0.017425288655338194,-0.004390736311011884,-0.004390736311011884,1.2122648606398283,1.3019659146358755
2026-05-01,-0.003083372358322106,0.0031261564640610406,4.278410573893514e-05,0.004000000000000002,0.0,-0.003957215894261066,1.0,1.0,2.0,0.0,-0.002852672639677008,-0.0011045432545840582,-0.0011045432545840582,1.2074676668652502,1.2982518320934018
2026-05-04,0.0,0.0,0.0,0.004000000000000002,0.0,-0.004000000000000002,1.0,1.0,2.0,0.0,-0.004910125915168895,0.0009101259151688933,0.0009101259151688933,1.2026377961977892,1.2918772521282245
2026-05-05,0.01192313070365617,-0.0012949756622739452,0.010628155041382226,0.0,0.0,0.010628155041382226,1.0,1.0,2.0,0.0,0.005433290396323529,0.005194864645058697,0.005194864645058697,1.2154196171544056,1.2988963963954414
2026-05-06,0.007333189146022652,-0.005075943823505452,0.0022572453225172024,0.0,0.0,0.0022572453225172024,1.0,1.0,2.0,0.0,0.0071330950845137865,-0.004875849761996584,-0.004875849761996584,1.218163117400123,1.3081615478958626
2026-05-07,-0.006131149962869314,0.010350554373763834,0.004219404410894522,0.0,0.0,0.004219404410894522,1.0,1.0,2.0,0.0,-0.006584887070985689,0.01080429148188021,0.01080429148188021,1.2233030402308702,1.2995474518323624
2026-05-08,0.007530609239019676,-0.0004842283497290925,0.0070463808892905835,0.0,0.0,0.0070463808892905835,1.0,1.0,2.0,0.0,0.0008431658975917889,0.0062032149916987946,0.0062032149916987946,1.2319228993953641,1.3006431859260499
2026-05-11,-0.00107390391537776,7.929030926788141e-05,-0.000994613606109879,0.0,0.0,-0.000994613606109879,1.0,1.0,2.0,0.0,0.0015283429967334543,-0.0025229566028433332,-0.0025229566028433332,1.2306976121179471,1.302631014830509
2026-05-12,-0.005728114630010517,-0.004877765688809627,-0.010605880318820142,0.0,0.0,-0.010605880318820142,1.0,1.0,2.0,0.0,0.0007844570465161323,-0.011390337365336274,-0.011390337365336274,1.2176449805351666,1.303652872909103
2026-05-13,-0.005777294005590792,0.0006705079505820134,-0.005106786055008779,0.0,0.0,-0.005106786055008779,1.0,1.0,2.0,0.0,-0.002869536812821764,-0.002237249242187015,-0.002237249242187015,1.2114267281286182,1.2999119929991496
2026-05-14,0.004804169995879485,-0.00549392777631789,-0.0006897577804384048,0.0,0.0,-0.0006897577804384048,1.0,1.0,2.0,0.0,0.006354760514989856,-0.007044518295428261,-0.007044518295428261,1.2105911371174605,1.3081726224052224
2026-05-15,-0.011656412402699257,0.005782009375421403,-0.005874403027277855,0.004000000000000002,0.0,-0.009874403027277857,1.0,1.0,2.0,0.0,-0.010000462890880161,0.0001260598636023038,0.0001260598636023038,1.198637272328312,1.2950902906399935
2026-05-18,0.0,0.0,0.0,0.004000000000000002,0.0,-0.004000000000000002,1.0,1.0,2.0,0.0,0.0043656801871174485,-0.00836568018711745,-0.00836568018711745,1.1938427232389988,1.3007442406623686
2026-05-19,7.605749312229493e-05,0.006463878880192975,0.006539936373315269,0.0,0.0,0.006539936373315269,1.0,1.0,2.0,0.0,-0.004360276962585702,0.01090021333590097,0.01090021333590097,1.2016503786887271,1.2950726355155924
2026-05-20,0.013403141112744143,-0.00734885110587839,0.006054290006865749,0.0,0.0,0.006054290006865749,1.0,1.0,2.0,0.0,0.009339938233985334,-0.003285648227119585,-0.003285648227119585,1.2089255185681689,1.3071685339398327
2026-05-21,0.007666594705464103,-0.0025166269621943707,0.005149967743269733,0.0,0.0,0.005149967743269733,1.0,1.0,2.0,0.0,0.002159946543188484,0.002990021200081249,0.002990021200081249,1.2151514459928108,1.3099919480960809
2026-05-22,0.007286437645865026,-0.009892331403881138,-0.0026058937580161123,0.0,0.0,-0.0026058937580161123,1.0,1.0,2.0,0.0,0.007473245622542312,-0.010079139380558424,-0.010079139380558424,1.2119848904246537,1.3197818396877556
2026-05-26,0.008374820551298795,-0.0007141333614548475,0.007660687189843946,0.0,0.0,0.007660687189843946,1.0,1.0,2.0,0.0,0.003551865359531279,0.004108821830312668,0.004108821830312668,1.2212695275490142,1.324469527086281
2026-05-27,-0.005065730956493101,-0.0005861608779692907,-0.0056518918344623924,0.0,0.0,-0.0056518918344623924,1.0,1.0,2.0,0.0,-0.001980328232186801,-0.0036715636022755915,-0.0036715636022755915,1.2143670442785823,1.3218466426891209
2026-05-28,0.006471144381025789,0.002677229329783921,0.00914837371080971,0.0,0.0,0.00914837371080971,1.0,1.0,2.0,0.0,0.002566722756408362,0.0065816509544013475,0.0065816509544013475,1.2254765278217343,1.325239456547393
2026-05-29,0.00388299793681231,5.631517633190915e-05,0.003939313113144219,0.0,0.0,0.003939313113144219,1.0,1.0,2.0,0.0,0.0015626483890969468,0.002376664724047272,0.002376664724047272,1.230304063577633,1.3273103398493344
2026-06-01,-0.004120308779466298,0.0020156533602828193,-0.0021046554191834804,0.004000000000000002,0.0,-0.006104655419183482,1.0,1.0,2.0,0.0,-9.019816545392264e-05,-0.006014457253729559,-0.006014457253729559,1.2227934812086703,1.327190618891692
