run_name,hold_days,holding_clock,effective_holding_days,step_days,top_k,cost_bps,neutral_mode,turnover_accounting,skipped_incomplete_return_path_count,portfolio_total_return,portfolio_sharpe,first_half_total_return,second_half_total_return,top_5_net_return_days_simple_sum,bottom_5_net_return_days_simple_sum,top_5_instrument_abs_contribution_share,max_abs_selected_stock_daily_return,selected_stock_return_abs_gt_20pct_count,selected_stock_return_abs_gt_50pct_count
canonical_us300_release_v1_ls_hold10d_top10_cost5bps_unconstrained_signal_horizon,10,signal_horizon,9,10,10,5.0,unconstrained,capital_scaled_full_sleeve_round_trip_without_cross_sleeve_netting,0,1.6030609380034648,3.355042161334346,0.7595284334318164,0.4794082826649217,0.3213384661271615,-0.2323502504493776,0.2126582874017878,0.4910926596045015,2,0
canonical_us300_release_v1_ls_hold10d_top10_cost5bps_sector_neutral_signal_horizon,10,signal_horizon,9,10,10,5.0,sector_neutral,capital_scaled_full_sleeve_round_trip_without_cross_sleeve_netting,0,0.6629078506913963,2.5140031023455056,0.3301522598708457,0.2501635345511928,0.201403195628946,-0.1669223936054018,0.2269118750900476,0.2449153743135539,1,0
canonical_us300_release_v1_ls_hold10d_top10_cost10bps_unconstrained_signal_horizon,10,signal_horizon,9,10,10,10.0,unconstrained,capital_scaled_full_sleeve_round_trip_without_cross_sleeve_netting,0,1.476330950492323,3.1846431756146028,0.7161723349529325,0.4429383926412265,0.3203384661271615,-0.2343502504493776,0.2126582874017878,0.4910926596045015,2,0
canonical_us300_release_v1_ls_hold10d_top10_cost10bps_sector_neutral_signal_horizon,10,signal_horizon,9,10,10,10.0,sector_neutral,capital_scaled_full_sleeve_round_trip_without_cross_sleeve_netting,0,0.5819013766005068,2.2757315505415994,0.2973318651329066,0.219349820285533,0.200403195628946,-0.167539816049866,0.2269118750900476,0.2449153743135539,1,0
canonical_us300_release_v1_ls_hold10d_top10_cost20bps_unconstrained_signal_horizon,10,signal_horizon,9,10,10,20.0,unconstrained,capital_scaled_full_sleeve_round_trip_without_cross_sleeve_netting,0,1.2407445422959205,2.8410876758184216,0.6325166010867418,0.3725707541376863,0.3183384661271615,-0.2383502504493775,0.2126582874017878,0.4910926596045015,2,0
canonical_us300_release_v1_ls_hold10d_top10_cost20bps_sector_neutral_signal_horizon,10,signal_horizon,9,10,10,20.0,sector_neutral,capital_scaled_full_sleeve_round_trip_without_cross_sleeve_netting,0,0.4313199966653602,1.7955181807536975,0.2340079410127218,0.1598952884295943,0.198403195628946,-0.1698475985074087,0.2269118750900476,0.2449153743135539,1,0
canonical_us300_release_v1_ls_hold10d_top10_cost50bps_unconstrained_signal_horizon,10,signal_horizon,9,10,10,50.0,unconstrained,capital_scaled_full_sleeve_round_trip_without_cross_sleeve_netting,0,0.6581349590896188,1.8053046874340088,0.4043848087194324,0.1806842033570301,0.3123384661271615,-0.2503502504493776,0.2126582874017878,0.4910926596045015,2,0
canonical_us300_release_v1_ls_hold10d_top10_cost50bps_sector_neutral_signal_horizon,10,signal_horizon,9,10,10,50.0,sector_neutral,capital_scaled_full_sleeve_round_trip_without_cross_sleeve_netting,0,0.0589726726062269,0.3711407344557443,0.0613442715562038,-0.0022345237200926,0.1967966872244877,-0.1818475985074087,0.2269118750900476,0.2449153743135539,1,0
canonical_us300_release_v1_ls_hold10d_top20_cost5bps_unconstrained_signal_horizon,10,signal_horizon,9,10,20,5.0,unconstrained,capital_scaled_full_sleeve_round_trip_without_cross_sleeve_netting,0,1.3180687645908464,3.8623685076660217,0.5349089613066422,0.5102320873920199,0.2237909927823644,-0.1808558540090755,0.1568865784540945,0.4910926596045015,6,0
canonical_us300_release_v1_ls_hold10d_top20_cost5bps_sector_neutral_signal_horizon,10,signal_horizon,9,10,20,5.0,sector_neutral,capital_scaled_full_sleeve_round_trip_without_cross_sleeve_netting,0,0.6068686812642041,2.869858576593369,0.3683791172509854,0.1742861762552578,0.1587480700892053,-0.1581016089915333,0.1495430258856294,0.3583731788330714,3,0
canonical_us300_release_v1_ls_hold10d_top20_cost10bps_unconstrained_signal_horizon,10,signal_horizon,9,10,20,10.0,unconstrained,capital_scaled_full_sleeve_round_trip_without_cross_sleeve_netting,0,1.205073002273794,3.630230559650611,0.4970361089567967,0.4729591284276981,0.2227909927823644,-0.1818558540090755,0.1568865784540945,0.4910926596045015,6,0
canonical_us300_release_v1_ls_hold10d_top20_cost10bps_sector_neutral_signal_horizon,10,signal_horizon,9,10,20,10.0,sector_neutral,capital_scaled_full_sleeve_round_trip_without_cross_sleeve_netting,0,0.5285110003819189,2.5693703047564065,0.3346085758223089,0.1452878604800946,0.1577480700892053,-0.1591016089915333,0.1495430258856294,0.3583731788330714,3,0
canonical_us300_release_v1_ls_hold10d_top20_cost20bps_unconstrained_signal_horizon,10,signal_horizon,9,10,20,20.0,unconstrained,capital_scaled_full_sleeve_round_trip_without_cross_sleeve_netting,0,0.9950376171318256,3.1622632156088737,0.4239639484456277,0.4010450329936874,0.2207909927823644,-0.1841766845277958,0.1568865784540945,0.4910926596045015,6,0
canonical_us300_release_v1_ls_hold10d_top20_cost20bps_sector_neutral_signal_horizon,10,signal_horizon,9,10,20,20.0,sector_neutral,capital_scaled_full_sleeve_round_trip_without_cross_sleeve_netting,0,0.3828647069403699,1.9655421202359145,0.2694519248728604,0.0893399583279734,0.1565106862499408,-0.1611016089915333,0.1495430258856294,0.3583731788330714,3,0
canonical_us300_release_v1_ls_hold10d_top20_cost50bps_unconstrained_signal_horizon,10,signal_horizon,9,10,20,50.0,unconstrained,capital_scaled_full_sleeve_round_trip_without_cross_sleeve_netting,0,0.4757429328721538,1.7688565244825705,0.2247201272040602,0.2049634035501291,0.2147909927823643,-0.1961766845277958,0.1568865784540945,0.4910926596045015,6,0
canonical_us300_release_v1_ls_hold10d_top20_cost50bps_sector_neutral_signal_horizon,10,signal_horizon,9,10,20,50.0,sector_neutral,capital_scaled_full_sleeve_round_trip_without_cross_sleeve_netting,0,0.0227935688187805,0.2150581262685462,0.0917945702460527,-0.0631996195142462,0.1565106862499408,-0.1671016089915333,0.1495430258856294,0.3583731788330714,3,0
canonical_us300_release_v1_ls_hold10d_top30_cost5bps_unconstrained_signal_horizon,10,signal_horizon,9,10,30,5.0,unconstrained,capital_scaled_full_sleeve_round_trip_without_cross_sleeve_netting,0,0.9436059362516896,3.479634018212455,0.4177599468858868,0.37089917127425,0.1824287544778727,-0.1854098074832676,0.1308240144181812,0.4910926596045015,9,0
canonical_us300_release_v1_ls_hold10d_top30_cost5bps_sector_neutral_signal_horizon,10,signal_horizon,9,10,30,5.0,sector_neutral,capital_scaled_full_sleeve_round_trip_without_cross_sleeve_netting,0,0.5663944489578685,3.1042865961085213,0.3243865455033794,0.1827320764290199,0.139160437661282,-0.1219449707254723,0.1164082844566837,0.4910926596045015,4,0
canonical_us300_release_v1_ls_hold10d_top30_cost10bps_unconstrained_signal_horizon,10,signal_horizon,9,10,30,10.0,unconstrained,capital_scaled_full_sleeve_round_trip_without_cross_sleeve_netting,0,0.8487991476787473,3.2146200026115856,0.382764128100602,0.3370314648083192,0.1814287544778727,-0.1864098074832676,0.1308240144181812,0.4910926596045015,9,0
canonical_us300_release_v1_ls_hold10d_top30_cost10bps_sector_neutral_signal_horizon,10,signal_horizon,9,10,30,10.0,sector_neutral,capital_scaled_full_sleeve_round_trip_without_cross_sleeve_netting,0,0.4900428282470099,2.760164430683229,0.2917192650043305,0.1535345710292681,0.138160437661282,-0.1229449707254723,0.1164082844566837,0.4910926596045015,4,0
canonical_us300_release_v1_ls_hold10d_top30_cost20bps_unconstrained_signal_horizon,10,signal_horizon,9,10,30,20.0,unconstrained,capital_scaled_full_sleeve_round_trip_without_cross_sleeve_netting,0,0.6725822268483346,2.6819669079752857,0.3152438915607334,0.2716897889284755,0.1794287544778728,-0.1884098074832676,0.1308240144181812,0.4910926596045015,9,0
canonical_us300_release_v1_ls_hold10d_top30_cost20bps_sector_neutral_signal_horizon,10,signal_horizon,9,10,30,20.0,sector_neutral,capital_scaled_full_sleeve_round_trip_without_cross_sleeve_netting,0,0.3481207707258094,2.0659975091523552,0.2286900050746683,0.0972017068242401,0.136160437661282,-0.1249449707254723,0.1164082844566837,0.4910926596045015,4,0
canonical_us300_release_v1_ls_hold10d_top30_cost50bps_unconstrained_signal_horizon,10,signal_horizon,9,10,30,50.0,unconstrained,capital_scaled_full_sleeve_round_trip_without_cross_sleeve_netting,0,0.2369589106933241,1.1198280975979935,0.1311452390688245,0.0935456102097089,0.1734287544778728,-0.1958480760282693,0.1308240144181812,0.4910926596045015,9,0
canonical_us300_release_v1_ls_hold10d_top30_cost50bps_sector_neutral_signal_horizon,10,signal_horizon,9,10,30,50.0,sector_neutral,capital_scaled_full_sleeve_round_trip_without_cross_sleeve_netting,0,-0.0027723136393331,0.0634468966196279,0.0568243260726977,-0.0563921914378148,0.130160437661282,-0.1309449707254723,0.1164082844566837,0.4910926596045015,4,0
canonical_us300_release_v1_ls_hold10d_top50_cost5bps_unconstrained_signal_horizon,10,signal_horizon,9,10,50,5.0,unconstrained,capital_scaled_full_sleeve_round_trip_without_cross_sleeve_netting,0,0.6635540206587813,3.695940289315111,0.2953817899334925,0.2842190878290731,0.1380906708388373,-0.1282052736041653,0.0955005223312507,0.4910926596045015,15,0
canonical_us300_release_v1_ls_hold10d_top50_cost5bps_sector_neutral_signal_horizon,10,signal_horizon,9,10,50,5.0,sector_neutral,capital_scaled_full_sleeve_round_trip_without_cross_sleeve_netting,0,0.4209320440046928,2.95143552847308,0.2206618542041529,0.1640668864278665,0.1134051729646578,-0.1107963325041158,0.090116656512324,0.7024765852638799,10,1
canonical_us300_release_v1_ls_hold10d_top50_cost10bps_unconstrained_signal_horizon,10,signal_horizon,9,10,50,10.0,unconstrained,capital_scaled_full_sleeve_round_trip_without_cross_sleeve_netting,0,0.5824271528128815,3.3247971823952285,0.2634138639360739,0.2525010196444599,0.1370906708388373,-0.1292052736041653,0.0955005223312507,0.4910926596045015,15,0
canonical_us300_release_v1_ls_hold10d_top50_cost10bps_sector_neutral_signal_horizon,10,signal_horizon,9,10,50,10.0,sector_neutral,capital_scaled_full_sleeve_round_trip_without_cross_sleeve_netting,0,0.351621225411592,2.5280763814889324,0.1905339859275239,0.1353067122721121,0.1124051729646578,-0.1117963325041158,0.090116656512324,0.7024765852638799,10,1
canonical_us300_release_v1_ls_hold10d_top50_cost20bps_unconstrained_signal_horizon,10,signal_horizon,9,10,50,20.0,unconstrained,capital_scaled_full_sleeve_round_trip_without_cross_sleeve_netting,0,0.4316343629081103,2.5776668417336075,0.2017350890337947,0.1913061172734482,0.1350906708388373,-0.1312052736041653,0.0955005223312507,0.4910926596045015,15,0
canonical_us300_release_v1_ls_hold10d_top50_cost20bps_sector_neutral_signal_horizon,10,signal_horizon,9,10,50,20.0,sector_neutral,capital_scaled_full_sleeve_round_trip_without_cross_sleeve_netting,0,0.2227934812086702,1.6804900440757966,0.1324056852022579,0.0798192707680278,0.1104051729646578,-0.1137963325041158,0.090116656512324,0.7024765852638799,10,1
canonical_us300_release_v1_ls_hold10d_top50_cost50bps_unconstrained_signal_horizon,10,signal_horizon,9,10,50,50.0,unconstrained,capital_scaled_full_sleeve_round_trip_without_cross_sleeve_netting,0,0.0588443813132431,0.4454054225347229,0.0335600151557025,0.0244633749243221,0.1290906708388373,-0.1406773280731064,0.0955005223312507,0.4910926596045015,15,0
canonical_us300_release_v1_ls_hold10d_top50_cost50bps_sector_neutral_signal_horizon,10,signal_horizon,9,10,50,50.0,sector_neutral,capital_scaled_full_sleeve_round_trip_without_cross_sleeve_netting,0,-0.095680136928772,-0.6610388125232237,-0.0260865800408139,-0.0714576423958454,0.1044051729646578,-0.124001735919688,0.090116656512324,0.7024765852638799,10,1
canonical_us300_release_v1_ls_hold20d_top10_cost5bps_unconstrained_signal_horizon,20,signal_horizon,19,20,10,5.0,unconstrained,capital_scaled_full_sleeve_round_trip_without_cross_sleeve_netting,0,1.52030473454962,3.133029932025258,0.6877240821329254,0.4933156202668436,0.3430851643819679,-0.265322619951365,0.2329394733479918,0.7024765852638799,5,1
canonical_us300_release_v1_ls_hold20d_top10_cost5bps_sector_neutral_signal_horizon,20,signal_horizon,19,20,10,5.0,sector_neutral,capital_scaled_full_sleeve_round_trip_without_cross_sleeve_netting,0,0.6133242566967929,2.1566242043314285,0.1899425106279939,0.3558001687370242,0.210748430174094,-0.1920569938895988,0.2620453454043187,0.1755214146524037,0,0
canonical_us300_release_v1_ls_hold20d_top10_cost10bps_unconstrained_signal_horizon,20,signal_horizon,19,20,10,10.0,unconstrained,capital_scaled_full_sleeve_round_trip_without_cross_sleeve_netting,0,1.4605590550936167,3.0536579696356148,0.6675876206830291,0.4755201013580274,0.3430851643819679,-0.267322619951365,0.2329394733479918,0.7024765852638799,5,1
canonical_us300_release_v1_ls_hold20d_top10_cost10bps_sector_neutral_signal_horizon,20,signal_horizon,19,20,10,10.0,sector_neutral,capital_scaled_full_sleeve_round_trip_without_cross_sleeve_netting,0,0.5750945079623138,2.0537629786891785,0.1757344167250794,0.3396686237608186,0.210748430174094,-0.1940569938895988,0.2620453454043187,0.1755214146524037,0,0
canonical_us300_release_v1_ls_hold20d_top10_cost20bps_unconstrained_signal_horizon,20,signal_horizon,19,20,10,20.0,unconstrained,capital_scaled_full_sleeve_round_trip_without_cross_sleeve_netting,0,1.3451139934695435,2.8934534943463146,0.6279738295592394,0.4405108674900901,0.3430851643819679,-0.271322619951365,0.2329394733479918,0.7024765852638799,5,1
canonical_us300_release_v1_ls_hold20d_top10_cost20bps_sector_neutral_signal_horizon,20,signal_horizon,19,20,10,20.0,sector_neutral,capital_scaled_full_sleeve_round_trip_without_cross_sleeve_netting,0,0.5012231207615041,1.846259804925489,0.147783665342791,0.3079321182996242,0.210748430174094,-0.1980569938895988,0.2620453454043187,0.1755214146524037,0,0
canonical_us300_release_v1_ls_hold20d_top10_cost50bps_unconstrained_signal_horizon,20,signal_horizon,19,20,10,50.0,unconstrained,capital_scaled_full_sleeve_round_trip_without_cross_sleeve_netting,0,1.0290953784291688,2.4050745821374657,0.5142498609226696,0.3400003729852026,0.3430851643819679,-0.283322619951365,0.2329394733479918,0.7024765852638799,5,1
canonical_us300_release_v1_ls_hold20d_top10_cost50bps_sector_neutral_signal_horizon,20,signal_horizon,19,20,10,50.0,sector_neutral,capital_scaled_full_sleeve_round_trip_without_cross_sleeve_netting,0,0.2990006710831641,1.218076714991038,0.06754490669747,0.2168112675481899,0.210748430174094,-0.2100569938895988,0.2620453454043187,0.1755214146524037,0,0
canonical_us300_release_v1_ls_hold20d_top20_cost5bps_unconstrained_signal_horizon,20,signal_horizon,19,20,20,5.0,unconstrained,capital_scaled_full_sleeve_round_trip_without_cross_sleeve_netting,0,1.047201267131232,3.042231023813597,0.4600127533105471,0.4021804004720155,0.2297671125385658,-0.2110992100640103,0.184171259042133,0.7024765852638799,9,1
canonical_us300_release_v1_ls_hold20d_top20_cost5bps_sector_neutral_signal_horizon,20,signal_horizon,19,20,20,5.0,sector_neutral,capital_scaled_full_sleeve_round_trip_without_cross_sleeve_netting,0,0.515217608334718,2.29498099662445,0.2545467949722795,0.2077808611102449,0.1616156914870602,-0.1619392726345429,0.158684626715484,0.3583731788330714,3,0
canonical_us300_release_v1_ls_hold20d_top20_cost10bps_unconstrained_signal_horizon,20,signal_horizon,19,20,20,10.0,unconstrained,capital_scaled_full_sleeve_round_trip_without_cross_sleeve_netting,0,0.9986316705672512,2.9411421265316977,0.4425958614647987,0.3854411508832824,0.2297671125385658,-0.2130992100640103,0.184171259042133,0.7024765852638799,9,1
canonical_us300_release_v1_ls_hold20d_top20_cost10bps_sector_neutral_signal_horizon,20,signal_horizon,19,20,20,10.0,sector_neutral,capital_scaled_full_sleeve_round_trip_without_cross_sleeve_netting,0,0.4792771274758043,2.165689786480105,0.2395652087056976,0.1933838712853244,0.1616156914870602,-0.1629392726345429,0.158684626715484,0.3583731788330714,3,0
canonical_us300_release_v1_ls_hold20d_top20_cost20bps_unconstrained_signal_horizon,20,signal_horizon,19,20,20,20.0,unconstrained,capital_scaled_full_sleeve_round_trip_without_cross_sleeve_netting,0,0.9047845232822976,2.7369488444289525,0.4083321057446103,0.352510899604326,0.2297671125385658,-0.2170992100640103,0.184171259042133,0.7024765852638799,9,1
canonical_us300_release_v1_ls_hold20d_top20_cost20bps_sector_neutral_signal_horizon,20,signal_horizon,19,20,20,20.0,sector_neutral,capital_scaled_full_sleeve_round_trip_without_cross_sleeve_netting,0,0.4098316938897781,1.9047709438034883,0.2100928814460163,0.1650607284005181,0.1616156914870602,-0.1649392726345429,0.158684626715484,0.3583731788330714,3,0
canonical_us300_release_v1_ls_hold20d_top20_cost50bps_unconstrained_signal_horizon,20,signal_horizon,19,20,20,50.0,unconstrained,capital_scaled_full_sleeve_round_trip_without_cross_sleeve_netting,0,0.647907154526324,2.1162079329985115,0.3099664724816688,0.2579765888240186,0.2297671125385658,-0.2290992100640103,0.184171259042133,0.7024765852638799,9,1
canonical_us300_release_v1_ls_hold20d_top20_cost50bps_sector_neutral_signal_horizon,20,signal_horizon,19,20,20,50.0,sector_neutral,capital_scaled_full_sleeve_round_trip_without_cross_sleeve_netting,0,0.2197426689130286,1.1198761364542968,0.1254866442932309,0.0837469063695441,0.1616156914870602,-0.1731168684093797,0.158684626715484,0.3583731788330714,3,0
canonical_us300_release_v1_ls_hold20d_top30_cost5bps_unconstrained_signal_horizon,20,signal_horizon,19,20,30,5.0,unconstrained,capital_scaled_full_sleeve_round_trip_without_cross_sleeve_netting,0,0.7393672877981905,2.675679894100277,0.3085194216540321,0.3292636387464132,0.1934756134432099,-0.1983618740740109,0.1425085848694723,0.7024765852638799,11,1
canonical_us300_release_v1_ls_hold20d_top30_cost5bps_sector_neutral_signal_horizon,20,signal_horizon,19,20,30,5.0,sector_neutral,capital_scaled_full_sleeve_round_trip_without_cross_sleeve_netting,0,0.5233607631265207,2.6673506056629717,0.2562584364118996,0.2126173396912769,0.1470288156681964,-0.1336096338214885,0.1313205928103571,0.7024765852638799,6,1
canonical_us300_release_v1_ls_hold20d_top30_cost10bps_unconstrained_signal_horizon,20,signal_horizon,19,20,30,10.0,unconstrained,capital_scaled_full_sleeve_round_trip_without_cross_sleeve_netting,0,0.6981122794358745,2.5617768726440047,0.2929016589481559,0.3134117878829079,0.1934756134432099,-0.2003618740740109,0.1425085848694723,0.7024765852638799,11,1
canonical_us300_release_v1_ls_hold20d_top30_cost10bps_sector_neutral_signal_horizon,20,signal_horizon,19,20,30,10.0,sector_neutral,capital_scaled_full_sleeve_round_trip_without_cross_sleeve_netting,0,0.4872333297041467,2.516535356220008,0.241264121799331,0.1981602493659917,0.1470288156681964,-0.1356096338214885,0.1313205928103571,0.7024765852638799,6,1
canonical_us300_release_v1_ls_hold20d_top30_cost20bps_unconstrained_signal_horizon,20,signal_horizon,19,20,30,20.0,unconstrained,capital_scaled_full_sleeve_round_trip_without_cross_sleeve_netting,0,0.6183977733370118,2.331691162130944,0.2621775444335854,0.2822267203805169,0.1934756134432099,-0.2043618740740109,0.1425085848694723,0.7024765852638799,11,1
canonical_us300_release_v1_ls_hold20d_top30_cost20bps_sector_neutral_signal_horizon,20,signal_horizon,19,20,30,20.0,sector_neutral,capital_scaled_full_sleeve_round_trip_without_cross_sleeve_netting,0,0.4174262451387664,2.211154197710157,0.2117665027518362,0.1697189532140832,0.1470288156681964,-0.1396096338214885,0.1313205928103571,0.7024765852638799,6,1
canonical_us300_release_v1_ls_hold20d_top30_cost50bps_unconstrained_signal_horizon,20,signal_horizon,19,20,30,50.0,unconstrained,capital_scaled_full_sleeve_round_trip_without_cross_sleeve_netting,0,0.400198647784604,1.634627441867457,0.1739756756653692,0.1926981766389814,0.1934756134432099,-0.2163618740740109,0.1425085848694723,0.7024765852638799,11,1
canonical_us300_release_v1_ls_hold20d_top30_cost50bps_sector_neutral_signal_horizon,20,signal_horizon,19,20,30,50.0,sector_neutral,capital_scaled_full_sleeve_round_trip_without_cross_sleeve_netting,0,0.2263442817517811,1.2912790317662537,0.1270857296088305,0.0880665503389874,0.1470288156681964,-0.1516096338214885,0.1313205928103571,0.7024765852638799,6,1
canonical_us300_release_v1_ls_hold20d_top50_cost5bps_unconstrained_signal_horizon,20,signal_horizon,19,20,50,5.0,unconstrained,capital_scaled_full_sleeve_round_trip_without_cross_sleeve_netting,0,0.7159245437819637,3.5767137151287325,0.3031704880888284,0.3167306653011015,0.1471109534526335,-0.1425594976945869,0.0994926279978507,0.7024765852638799,17,1
canonical_us300_release_v1_ls_hold20d_top50_cost5bps_sector_neutral_signal_horizon,20,signal_horizon,19,20,50,5.0,sector_neutral,capital_scaled_full_sleeve_round_trip_without_cross_sleeve_netting,0,0.4100771849823481,2.613686007636799,0.1840883263930566,0.1908547306413324,0.1181564640753157,-0.1188442570155663,0.0941415579577741,0.7024765852638799,12,1
canonical_us300_release_v1_ls_hold20d_top50_cost10bps_unconstrained_signal_horizon,20,signal_horizon,19,20,50,10.0,unconstrained,capital_scaled_full_sleeve_round_trip_without_cross_sleeve_netting,0,0.6752288935690269,3.4141942720798135,0.2876209787940413,0.3010264054085338,0.1471109534526335,-0.1445594976945869,0.0994926279978507,0.7024765852638799,17,1
canonical_us300_release_v1_ls_hold20d_top50_cost10bps_sector_neutral_signal_horizon,20,signal_horizon,19,20,50,10.0,sector_neutral,capital_scaled_full_sleeve_round_trip_without_cross_sleeve_netting,0,0.3766265651216778,2.4310299801435633,0.1699523581540327,0.1766518145181053,0.1181564640753157,-0.1198442570155663,0.0941415579577741,0.7024765852638799,12,1
canonical_us300_release_v1_ls_hold20d_top50_cost20bps_unconstrained_signal_horizon,20,signal_horizon,19,20,50,20.0,unconstrained,capital_scaled_full_sleeve_round_trip_without_cross_sleeve_netting,0,0.596594987190221,3.083390088277069,0.2570309960986392,0.2701317566117795,0.1471109534526335,-0.1485594976945869,0.0994926279978507,0.7024765852638799,17,1
canonical_us300_release_v1_ls_hold20d_top50_cost20bps_sector_neutral_signal_horizon,20,signal_horizon,19,20,50,20.0,sector_neutral,capital_scaled_full_sleeve_round_trip_without_cross_sleeve_netting,0,0.3119924038045061,2.0611822437862997,0.1421434245996831,0.1487107271701493,0.1181564640753157,-0.1236318796336065,0.0941415579577741,0.7024765852638799,12,1
canonical_us300_release_v1_ls_hold20d_top50_cost50bps_unconstrained_signal_horizon,20,signal_horizon,19,20,50,50.0,unconstrained,capital_scaled_full_sleeve_round_trip_without_cross_sleeve_netting,0,0.3813521864037075,2.0776274676465794,0.1692131156773959,0.1814374709638855,0.1471109534526335,-0.1605594976945869,0.0994926279978507,0.7024765852638799,17,1
canonical_us300_release_v1_ls_hold20d_top50_cost50bps_sector_neutral_signal_horizon,20,signal_horizon,19,20,50,50.0,sector_neutral,capital_scaled_full_sleeve_round_trip_without_cross_sleeve_netting,0,0.135075009137239,0.9605412172828816,0.0623112426761398,0.068495713438742,0.1181564640753157,-0.1356318796336065,0.0941415579577741,0.7024765852638799,12,1
